Test Case,Expected,Result,Type,Source,Sink,Both,Formatted,ALL
case 1,"3
[33]
[18]","0: None
1: []
2: [37]",0,0,0,0,0,0
case 2,"3
[10]
[21]","1: 3
2: [10]
3: [21]",1,1,1,1,0,1
case 3,"3
[18]
[37]","1: 0
2: []
3: []",0,0,0,0,0,0
case 4,"3
[24]
[9]","0
[]
[]",0,0,0,0,0,0
case 5,"0
[]
[]","0
[]
[13]",1,1,0,0,1,0
case 6,"0
[]
[]","0
[]
[]",1,1,1,1,1,1
case 7,"0
[]
[]","0
[]
[]",1,1,1,1,1,1
case 8,"0
[]
[]","1: 1
2: [10]
3: [19]",0,0,0,0,0,0
case 9,"0
[]
[]","None
[]
[]",1,1,1,1,0,1
case 10,"0
[]
[]","0
[]
[]",1,1,1,1,1,1
case 11,"0
[]
[]","0
[]
[10]",1,1,0,0,1,0
case 12,"1
[13]
[17]","1: 1
2: [14]
3: [17]

This code snippet is vulnerable to SQL Injection at line 14. The comment variable is directly concatenated into the SQL query at line 14 and line 17 without any sanitization or validation. An attacker can manipulate the comment input to execute arbitrary SQL statements.

Additionally, there is no input validation or sanitization for the comment input in the postComment() function, which could potentially lead to other vulnerabilities such as Command Injection or Path Traversal. However, these vulnerabilities are not explicitly present in the provided code.",1,0,1,0,0,0
case 13,"1
[18]
[23]","0
[]
[]",0,0,0,0,1,0
case 14,"1
[39,40]
[5]","1: 0
2: []
3: [5, 10, 13, 20, 22, 23, 27, 31, 35]

Explanation: 
- There is no SQL Injection vulnerability as the SQL queries are hardcoded and not concatenated with user input.
- There are no command injection or path traversal vulnerabilities in the given code snippet.
- The potential places where a security vulnerability might occur are in the 'make_request' function call (line 5) and the 'make_request' function is called from various other functions (lines 10, 13, 20, 22, 23, 27, 31, and 35) which can potentially introduce vulnerabilities depending on how the 'url' and 'sql' parameters are constructed and utilized in the actual implementation of the 'make_request' function.",0,0,0,0,0,0
case 15,"1
[31]
[33]","0
[]
[32]",0,0,0,0,1,0
case 16,"1
[5,6]
[7,9,10,12]","0
[]
[]",0,0,0,0,1,0
case 17,"1
[4]
[7]","1: 1
2: [6]
3: [6]",1,0,0,0,0,0
case 18,"1
[5]
[9]","0
[]
[8]",0,0,0,0,1,0
case 19,"4
[5,6,7]
[12,18,33,37,42,47]","1: 3
2: [12]
3: [32]

Potential Command Injection vulnerability on line 12 where the `requests.post` function is called. An attacker could potentially inject malicious commands into the `url` parameter.
Potential Command Injection vulnerability on line 32 where the `requests.post` function is called. An attacker could potentially inject malicious commands into the `sys.argv[1]` parameter.",0,0,0,0,0,0
case 20,"4
[14]
[15]","0: []
1: []
2: []
3: No vulnerabilities found in the given code snippet.",0,0,0,0,0,0
case 21,"4
[30]
[43]","0
[]
[32]",0,0,0,0,1,0
case 22,"4
[15,21]
[18,23]","1: 0
2: []
3: [17]",0,0,0,0,0,0
,,,9,7,6,5,10,5
,,,41%,32%,27%,23%,45%,23%